threads,tiempo-carga,tiempo-maximo
1,3.20675,0.000641013
2,3.43545,0.000309439
3,3.86367,0.00024531
4,3.90481,0.000229961
5,3.79077,0.000472991
6,4.09852,0.00050281
7,4.01357,0.000435242
8,3.834,0.000422804
9,3.78103,0.000478796
10,3.86832,0.000760101
11,3.89275,0.000502052
12,3.77974,0.000477906
13,3.86334,0.000774284
14,3.87088,0.00069575
15,3.84503,0.000585596
16,3.83729,0.000760472
17,4.09752,0.000791634
18,3.93326,0.000938702
19,3.99539,0.0012972
20,3.87747,0.00103626
